date,tester ,location,test_num,method,increments,sample,weight,voltage
10/21/24,KK,kitchen  ,1,remove,5,1,495,1475
10/21/24,KK,kitchen  ,1,remove,5,2,490,1522
10/21/24,KK,kitchen  ,1,remove,5,3,485,1634
10/21/24,KK,kitchen  ,1,remove,5,4,480,1727
10/21/24,KK,kitchen  ,1,remove,5,5,475,1848
10/21/24,KK,kitchen  ,1,remove,5,6,470,1962
10/21/24,KK,kitchen  ,1,remove,5,7,465,2076
10/21/24,KK,kitchen  ,1,remove,5,8,460,2197
10/21/24,KK,kitchen  ,1,remove,5,9,455,2398
10/21/24,KK,kitchen  ,1,remove,5,10,450,2559
10/21/24,KK,kitchen  ,1,remove,5,11,445,2628
10/21/24,KK,kitchen  ,1,remove,5,12,440,2694
10/21/24,KK,kitchen  ,1,remove,5,13,435,2675
10/21/24,KK,kitchen  ,1,remove,5,14,430,2628
10/21/24,KK,kitchen  ,1,remove,5,15,425,2584
10/21/24,KK,kitchen  ,1,remove,5,16,420,2539
10/21/24,KK,kitchen  ,1,remove,5,17,415,2468
10/21/24,KK,kitchen  ,1,remove,5,18,410,2423
10/21/24,KK,kitchen  ,1,remove,5,19,405,2355
10/21/24,KK,kitchen  ,1,remove,5,20,400,2267
10/21/24,KK,kitchen  ,1,remove,5,21,395,2177
10/21/24,KK,kitchen  ,1,remove,5,22,390,2148
10/21/24,KK,kitchen  ,1,remove,5,23,385,2101
10/21/24,KK,kitchen  ,1,remove,5,24,380,2056
10/21/24,KK,kitchen  ,1,remove,5,25,375,2009
10/21/24,KK,kitchen  ,1,remove,5,26,370,1918
10/21/24,KK,kitchen  ,1,remove,5,27,365,1895
10/21/24,KK,kitchen  ,1,remove,5,28,360,1850
10/21/24,KK,kitchen  ,1,remove,5,29,355,1779
10/21/24,KK,kitchen  ,1,remove,5,30,350,1740
10/21/24,KK,kitchen  ,1,remove,5,31,345,1683
10/21/24,KK,kitchen  ,1,remove,5,32,340,1660
10/21/24,KK,kitchen  ,1,remove,5,33,335,1614
10/21/24,KK,kitchen  ,1,remove,5,34,330,1569
10/21/24,KK,kitchen  ,1,remove,5,35,325,1526
10/21/24,KK,kitchen  ,1,remove,5,36,320,1502
10/21/24,KK,kitchen  ,1,remove,5,37,315,1457
10/21/24,KK,kitchen  ,1,remove,5,38,310,1434
10/21/24,KK,kitchen  ,1,remove,5,39,305,1394
10/21/24,KK,kitchen  ,1,remove,5,40,300,1364
10/21/24,KK,kitchen  ,1,remove,5,41,295,1340
10/21/24,KK,kitchen  ,1,remove,5,42,290,1316
10/21/24,KK,kitchen  ,1,remove,5,43,285,1293
10/21/24,KK,kitchen  ,1,remove,5,44,280,1269
10/21/24,KK,kitchen  ,1,remove,5,45,275,1246
10/21/24,KK,kitchen  ,1,remove,5,46,270,1223
10/21/24,KK,kitchen  ,1,remove,5,47,265,1200
10/21/24,KK,kitchen  ,1,remove,5,48,260,1200
10/21/24,KK,kitchen  ,1,remove,5,49,255,1177
10/21/24,KK,kitchen  ,1,remove,5,50,250,1170
10/21/24,KK,kitchen  ,1,remove,5,51,245,1130
10/21/24,KK,kitchen  ,1,remove,5,52,240,1107
10/21/24,KK,kitchen  ,1,remove,5,53,235,1083
10/21/24,KK,kitchen  ,1,remove,5,54,230,1060
10/21/24,KK,kitchen  ,1,remove,5,55,225,1032
10/21/24,KK,kitchen  ,1,remove,5,56,220,1032
10/21/24,KK,kitchen  ,1,remove,5,57,215,1007
10/21/24,KK,kitchen  ,1,remove,5,58,210,1008
10/21/24,KK,kitchen  ,1,remove,5,59,205,1008
10/21/24,KK,kitchen  ,1,remove,5,60,200,989
10/21/24,KK,kitchen  ,1,remove,5,61,195,984
10/21/24,KK,kitchen  ,1,remove,5,62,190,984
10/21/24,KK,kitchen  ,1,remove,5,63,185,984
10/21/24,KK,kitchen  ,1,remove,5,64,180,984
10/21/24,KK,kitchen  ,1,remove,5,65,175,965
10/21/24,KK,kitchen  ,1,remove,5,66,170,961
10/21/24,KK,kitchen  ,1,remove,5,67,165,961
10/21/24,KK,kitchen  ,1,remove,5,68,160,952
10/21/24,KK,kitchen  ,1,remove,5,69,155,937
10/21/24,KK,kitchen  ,1,remove,5,70,150,937
10/21/24,KK,kitchen  ,1,remove,5,71,145,937
10/21/24,KK,kitchen  ,1,remove,5,72,140,936
10/21/24,KK,kitchen  ,1,remove,5,73,135,920
10/21/24,KK,kitchen  ,1,remove,5,74,130,914
10/21/24,KK,kitchen  ,1,remove,5,75,125,914
10/21/24,KK,kitchen  ,1,remove,5,76,120,914
10/21/24,KK,kitchen  ,1,remove,5,77,115,915
10/21/24,KK,kitchen  ,1,remove,5,78,110,890
10/21/24,KK,kitchen  ,1,remove,5,79,105,890
10/21/24,KK,kitchen  ,1,remove,5,80,100,891
10/21/24,KK,kitchen  ,1,remove,5,81,95,976
10/21/24,KK,kitchen  ,1,remove,5,82,90,967
10/21/24,KK,kitchen  ,1,remove,5,83,85,870
10/21/24,KK,kitchen  ,1,remove,5,84,80,869
10/21/24,KK,kitchen  ,1,remove,5,85,75,869
10/21/24,KK,kitchen  ,1,remove,5,86,70,869
10/21/24,KK,kitchen  ,1,remove,5,87,65,869
10/21/24,KK,kitchen  ,1,remove,5,88,60,860
10/21/24,KK,kitchen  ,1,remove,5,89,55,846
10/21/24,KK,kitchen  ,1,remove,5,90,50,846
10/21/24,KK,kitchen  ,1,remove,5,91,45,846
10/21/24,KK,kitchen  ,1,remove,5,92,40,846
10/21/24,KK,kitchen  ,1,remove,5,93,35,845
10/21/24,KK,kitchen  ,1,remove,5,94,30,846
10/21/24,KK,kitchen  ,1,remove,5,95,25,845
10/21/24,KK,kitchen  ,1,remove,5,96,20,845
10/21/24,KK,kitchen  ,2,remove,5,1,495,1510
10/21/24,KK,kitchen  ,2,remove,5,2,490,1579
10/21/24,KK,kitchen  ,2,remove,5,3,485,1667
10/21/24,KK,kitchen  ,2,remove,5,4,480,1758
10/21/24,KK,kitchen  ,2,remove,5,5,475,1854
10/21/24,KK,kitchen  ,2,remove,5,6,470,1945
10/21/24,KK,kitchen  ,2,remove,5,7,465,2060
10/21/24,KK,kitchen  ,2,remove,5,8,460,2180
10/21/24,KK,kitchen  ,2,remove,5,9,455,2358
10/21/24,KK,kitchen  ,2,remove,5,10,450,2493
10/21/24,KK,kitchen  ,2,remove,5,11,445,2587
10/21/24,KK,kitchen  ,2,remove,5,12,440,2652
10/21/24,KK,kitchen  ,2,remove,5,13,435,2654
10/21/24,KK,kitchen  ,2,remove,5,14,430,2567
10/21/24,KK,kitchen  ,2,remove,5,15,425,2537
10/21/24,KK,kitchen  ,2,remove,5,16,420,2474
10/21/24,KK,kitchen  ,2,remove,5,17,415,2410
10/21/24,KK,kitchen  ,2,remove,5,18,410,2341
10/21/24,KK,kitchen  ,2,remove,5,19,405,2274
10/21/24,KK,kitchen  ,2,remove,5,20,400,2209
10/21/24,KK,kitchen  ,2,remove,5,21,395,2158
10/21/24,KK,kitchen  ,2,remove,5,22,390,2087
10/21/24,KK,kitchen  ,2,remove,5,23,385,2042
10/21/24,KK,kitchen  ,2,remove,5,24,380,1996
10/21/24,KK,kitchen  ,2,remove,5,25,375,1927
10/21/24,KK,kitchen  ,2,remove,5,26,370,1882
10/21/24,KK,kitchen  ,2,remove,5,27,365,1813
10/21/24,KK,kitchen  ,2,remove,5,28,360,1762
10/21/24,KK,kitchen  ,2,remove,5,29,355,1694
10/21/24,KK,kitchen  ,2,remove,5,30,350,1671
10/21/24,KK,kitchen  ,2,remove,5,31,345,1605
10/21/24,KK,kitchen  ,2,remove,5,32,340,1583
10/21/24,KK,kitchen  ,2,remove,5,33,335,1537
10/21/24,KK,kitchen  ,2,remove,5,34,330,1514
10/21/24,KK,kitchen  ,2,remove,5,35,325,1469
10/21/24,KK,kitchen  ,2,remove,5,36,320,1423
10/21/24,KK,kitchen  ,2,remove,5,37,315,1374
10/21/24,KK,kitchen  ,2,remove,5,38,310,1327
10/21/24,KK,kitchen  ,2,remove,5,39,305,1303
10/21/24,KK,kitchen  ,2,remove,5,40,300,1275
10/21/24,KK,kitchen  ,2,remove,5,41,295,1234
10/21/24,KK,kitchen  ,2,remove,5,42,290,1210
10/21/24,KK,kitchen  ,2,remove,5,43,285,1187
10/21/24,KK,kitchen  ,2,remove,5,44,280,1164
10/21/24,KK,kitchen  ,2,remove,5,45,275,1140
10/21/24,KK,kitchen  ,2,remove,5,46,270,1117
10/21/24,KK,kitchen  ,2,remove,5,47,265,1097
10/21/24,KK,kitchen  ,2,remove,5,48,260,1094
10/21/24,KK,kitchen  ,2,remove,5,49,255,1070
10/21/24,KK,kitchen  ,2,remove,5,50,250,1042
10/21/24,KK,kitchen  ,2,remove,5,51,245,1041
10/21/24,KK,kitchen  ,2,remove,5,52,240,1017
10/21/24,KK,kitchen  ,2,remove,5,53,235,1017
10/21/24,KK,kitchen  ,2,remove,5,54,230,993
10/21/24,KK,kitchen  ,2,remove,5,55,225,993
10/21/24,KK,kitchen  ,2,remove,5,56,220,969
10/21/24,KK,kitchen  ,2,remove,5,57,215,969
10/21/24,KK,kitchen  ,2,remove,5,58,210,954
10/21/24,KK,kitchen  ,2,remove,5,59,205,945
10/21/24,KK,kitchen  ,2,remove,5,60,200,946
10/21/24,KK,kitchen  ,2,remove,5,61,195,945
10/21/24,KK,kitchen  ,2,remove,5,62,190,942
10/21/24,KK,kitchen  ,2,remove,5,63,185,923
10/21/24,KK,kitchen  ,2,remove,5,64,180,922
10/21/24,KK,kitchen  ,2,remove,5,65,175,898
10/21/24,KK,kitchen  ,2,remove,5,66,170,898
10/21/24,KK,kitchen  ,2,remove,5,67,165,898
10/21/24,KK,kitchen  ,2,remove,5,68,160,895
10/21/24,KK,kitchen  ,2,remove,5,69,155,875
10/21/24,KK,kitchen  ,2,remove,5,70,150,875
10/21/24,KK,kitchen  ,2,remove,5,71,145,875
10/21/24,KK,kitchen  ,2,remove,5,72,140,874
10/21/24,KK,kitchen  ,2,remove,5,73,135,852
10/21/24,KK,kitchen  ,2,remove,5,74,130,852
10/21/24,KK,kitchen  ,2,remove,5,75,125,852
10/21/24,KK,kitchen  ,2,remove,5,76,120,851
10/21/24,KK,kitchen  ,2,remove,5,77,115,837
10/21/24,KK,kitchen  ,2,remove,5,78,110,828
10/21/24,KK,kitchen  ,2,remove,5,79,105,828
10/21/24,KK,kitchen  ,2,remove,5,80,100,828
10/21/24,KK,kitchen  ,2,remove,5,81,95,827
10/21/24,KK,kitchen  ,2,remove,5,82,90,806
10/21/24,KK,kitchen  ,2,remove,5,83,85,804
10/21/24,KK,kitchen  ,2,remove,5,84,80,804
10/21/24,KK,kitchen  ,2,remove,5,85,75,804
10/21/24,KK,kitchen  ,2,remove,5,86,70,804
10/21/24,KK,kitchen  ,2,remove,5,87,65,802
10/21/24,KK,kitchen  ,2,remove,5,88,60,784
10/21/24,KK,kitchen  ,2,remove,5,89,55,780
10/21/24,KK,kitchen  ,2,remove,5,90,50,780
10/21/24,KK,kitchen  ,2,remove,5,91,45,780
10/21/24,KK,kitchen  ,2,remove,5,92,40,780
10/21/24,KK,kitchen  ,2,remove,5,93,35,781
10/21/24,KK,kitchen  ,2,remove,5,94,30,780
10/21/24,KK,kitchen  ,2,remove,5,95,25,781
10/21/24,KK,kitchen  ,2,remove,5,96,20,780
10/21/24,KK,kitchen  ,2,remove,5,97,17,780
10/25/24,KK,kitchen  ,3,remove,5,1,400,2130
10/25/24,KK,kitchen  ,3,remove,5,2,395,2106
10/25/24,KK,kitchen  ,3,remove,5,3,390,2060
10/25/24,KK,kitchen  ,3,remove,5,4,385,2021
10/25/24,KK,kitchen  ,3,remove,5,5,380,1991
10/25/24,KK,kitchen  ,3,remove,5,6,375,1946
10/25/24,KK,kitchen  ,3,remove,5,7,370,1809
10/25/24,KK,kitchen  ,3,remove,5,8,365,1757
10/25/24,KK,kitchen  ,3,remove,5,9,360,1688
10/25/24,KK,kitchen  ,3,remove,5,10,355,1643
10/25/24,KK,kitchen  ,3,remove,5,11,350,1598
10/25/24,KK,kitchen  ,3,remove,5,12,345,1552
10/25/24,KK,kitchen  ,3,remove,5,13,340,1530
10/25/24,KK,kitchen  ,3,remove,5,14,335,1508
10/25/24,KK,kitchen  ,3,remove,5,15,330,1461
10/25/24,KK,kitchen  ,3,remove,5,16,325,1438
10/25/24,KK,kitchen  ,3,remove,5,17,320,1394
10/25/24,KK,kitchen  ,3,remove,5,18,315,1380
10/25/24,KK,kitchen  ,3,remove,5,19,310,1347
10/25/24,KK,kitchen  ,3,remove,5,20,305,1323
10/25/24,KK,kitchen  ,3,remove,5,21,300,1300
10/25/24,KK,kitchen  ,3,remove,5,22,295,1276
10/25/24,KK,kitchen  ,3,remove,5,23,290,1253
10/25/24,KK,kitchen  ,3,remove,5,24,285,1230
10/25/24,KK,kitchen  ,3,remove,5,25,280,1206
10/25/24,KK,kitchen  ,3,remove,5,26,275,1183
10/25/24,KK,kitchen  ,3,remove,5,27,270,1177
10/25/24,KK,kitchen  ,3,remove,5,28,265,1160
10/25/24,KK,kitchen  ,3,remove,5,29,260,1137
10/25/24,KK,kitchen  ,3,remove,5,30,255,1136
10/25/24,KK,kitchen  ,3,remove,5,31,250,1113
10/25/24,KK,kitchen  ,3,remove,5,32,245,1111
10/25/24,KK,kitchen  ,3,remove,5,33,240,1089
10/25/24,KK,kitchen  ,3,remove,5,34,235,1088
10/25/24,KK,kitchen  ,3,remove,5,35,230,1066
10/25/24,KK,kitchen  ,3,remove,5,36,225,1066
10/25/24,KK,kitchen  ,3,remove,5,37,220,1038
10/25/24,KK,kitchen  ,3,remove,5,38,215,1038
10/25/24,KK,kitchen  ,3,remove,5,39,210,1014
10/25/24,KK,kitchen  ,3,remove,5,40,205,1014
10/25/24,KK,kitchen  ,3,remove,5,41,200,1004
10/25/24,KK,kitchen  ,3,remove,5,42,195,990
10/25/24,KK,kitchen  ,3,remove,5,43,190,990
10/25/24,KK,kitchen  ,3,remove,5,44,185,976
10/25/24,KK,kitchen  ,3,remove,5,45,180,966
10/25/24,KK,kitchen  ,3,remove,5,46,175,953
10/25/24,KK,kitchen  ,3,remove,5,47,170,942
10/25/24,KK,kitchen  ,3,remove,5,48,165,942
10/25/24,KK,kitchen  ,3,remove,5,49,160,918
10/25/24,KK,kitchen  ,3,remove,5,50,155,918
10/25/24,KK,kitchen  ,3,remove,5,51,150,918
10/25/24,KK,kitchen  ,3,remove,5,52,145,898
10/25/24,KK,kitchen  ,3,remove,5,53,140,894
10/25/24,KK,kitchen  ,3,remove,5,54,135,895
10/25/24,KK,kitchen  ,3,remove,5,55,130,894
10/25/24,KK,kitchen  ,3,remove,5,56,125,873
10/25/24,KK,kitchen  ,3,remove,5,57,120,871
10/25/24,KK,kitchen  ,3,remove,5,58,115,871
10/25/24,KK,kitchen  ,3,remove,5,59,110,871
10/25/24,KK,kitchen  ,3,remove,5,60,105,871
10/25/24,KK,kitchen  ,3,remove,5,61,100,867
10/25/24,KK,kitchen  ,3,remove,5,62,95,850
10/25/24,KK,kitchen  ,3,remove,5,63,90,849
10/25/24,KK,kitchen  ,3,remove,5,64,85,849
10/25/24,KK,kitchen  ,3,remove,5,65,80,849
10/25/24,KK,kitchen  ,3,remove,5,66,75,838
10/25/24,KK,kitchen  ,3,remove,5,67,70,825
10/25/24,KK,kitchen  ,3,remove,5,68,65,825
10/25/24,KK,kitchen  ,3,remove,5,69,60,825
10/25/24,KK,kitchen  ,3,remove,5,70,55,825
10/25/24,KK,kitchen  ,3,remove,5,71,50,825
10/25/24,KK,kitchen  ,3,remove,5,72,45,825
10/25/24,KK,kitchen  ,3,remove,5,73,40,825
10/25/24,KK,kitchen  ,3,remove,5,74,35,825
10/25/24,KK,kitchen  ,3,remove,5,75,30,825
10/25/24,KK,kitchen  ,3,remove,5,76,22,825
10/25/24,KK,kitchen  ,4,remove,5,1,425,2406
10/25/24,KK,kitchen  ,4,remove,5,2,420,2361
10/25/24,KK,kitchen  ,4,remove,5,3,415,2317
10/25/24,KK,kitchen  ,4,remove,5,4,410,2250
10/25/24,KK,kitchen  ,4,remove,5,5,405,2182
10/25/24,KK,kitchen  ,4,remove,5,6,400,2130
10/25/24,KK,kitchen  ,4,remove,5,7,395,2082
10/25/24,KK,kitchen  ,4,remove,5,8,390,2038
10/25/24,KK,kitchen  ,4,remove,5,9,385,1992
10/25/24,KK,kitchen  ,4,remove,5,10,380,1947
10/25/24,KK,kitchen  ,4,remove,5,11,375,1894
10/25/24,KK,kitchen  ,4,remove,5,12,370,1854
10/25/24,KK,kitchen  ,4,remove,5,13,365,1782
10/25/24,KK,kitchen  ,4,remove,5,14,360,1735
10/25/24,KK,kitchen  ,4,remove,5,15,355,1689
10/25/24,KK,kitchen  ,4,remove,5,16,350,1640
10/25/24,KK,kitchen  ,4,remove,5,17,345,1599
10/25/24,KK,kitchen  ,4,remove,5,18,340,1554
10/25/24,KK,kitchen  ,4,remove,5,19,335,1531
10/25/24,KK,kitchen  ,4,remove,5,20,330,1486
10/25/24,KK,kitchen  ,4,remove,5,21,325,1463
10/25/24,KK,kitchen  ,4,remove,5,22,320,1440
10/25/24,KK,kitchen  ,4,remove,5,23,315,1416
10/25/24,KK,kitchen  ,4,remove,5,24,310,1372
10/25/24,KK,kitchen  ,4,remove,5,25,305,1346
10/25/24,KK,kitchen  ,4,remove,5,26,300,1324
10/25/24,KK,kitchen  ,4,remove,5,27,295,1300
10/25/24,KK,kitchen  ,4,remove,5,28,290,1277
10/25/24,KK,kitchen  ,4,remove,5,29,285,1254
10/25/24,KK,kitchen  ,4,remove,5,30,280,1230
10/25/24,KK,kitchen  ,4,remove,5,31,275,1223
10/25/24,KK,kitchen  ,4,remove,5,32,270,1207
10/25/24,KK,kitchen  ,4,remove,5,33,265,1184
10/25/24,KK,kitchen  ,4,remove,5,34,260,1161
10/25/24,KK,kitchen  ,4,remove,5,35,255,1161
10/25/24,KK,kitchen  ,4,remove,5,36,250,1138
10/25/24,KK,kitchen  ,4,remove,5,37,245,1135
10/25/24,KK,kitchen  ,4,remove,5,38,240,1114
10/25/24,KK,kitchen  ,4,remove,5,39,235,1095
10/25/24,KK,kitchen  ,4,remove,5,40,230,1091
10/25/24,KK,kitchen  ,4,remove,5,41,225,1090
10/25/24,KK,kitchen  ,4,remove,5,42,220,1067
10/25/24,KK,kitchen  ,4,remove,5,43,215,1042
10/25/24,KK,kitchen  ,4,remove,5,44,210,1040
10/25/24,KK,kitchen  ,4,remove,5,45,205,1036
10/25/24,KK,kitchen  ,4,remove,5,46,200,1015
10/25/24,KK,kitchen  ,4,remove,5,47,195,1015
10/25/24,KK,kitchen  ,4,remove,5,48,190,1015
10/25/24,KK,kitchen  ,4,remove,5,49,185,1000
10/25/24,KK,kitchen  ,4,remove,5,50,180,991
10/25/24,KK,kitchen  ,4,remove,5,51,175,991
10/25/24,KK,kitchen  ,4,remove,5,52,170,967
10/25/24,KK,kitchen  ,4,remove,5,53,165,967
10/25/24,KK,kitchen  ,4,remove,5,54,160,967
10/25/24,KK,kitchen  ,4,remove,5,55,155,948
10/25/24,KK,kitchen  ,4,remove,5,56,150,944
10/25/24,KK,kitchen  ,4,remove,5,57,145,944
10/25/24,KK,kitchen  ,4,remove,5,58,140,943
10/25/24,KK,kitchen  ,4,remove,5,59,135,922
10/25/24,KK,kitchen  ,4,remove,5,60,130,919
10/25/24,KK,kitchen  ,4,remove,5,61,125,919
10/25/24,KK,kitchen  ,4,remove,5,62,120,919
10/25/24,KK,kitchen  ,4,remove,5,63,115,917
10/25/24,KK,kitchen  ,4,remove,5,64,110,896
10/25/24,KK,kitchen  ,4,remove,5,65,105,897
10/25/24,KK,kitchen  ,4,remove,5,66,100,895
10/25/24,KK,kitchen  ,4,remove,5,67,95,895
10/25/24,KK,kitchen  ,4,remove,5,68,90,895
10/25/24,KK,kitchen  ,4,remove,5,69,85,887
10/25/24,KK,kitchen  ,4,remove,5,70,80,872
10/25/24,KK,kitchen  ,4,remove,5,71,75,871
10/25/24,KK,kitchen  ,4,remove,5,72,70,867
10/25/24,KK,kitchen  ,4,remove,5,73,65,850
10/25/24,KK,kitchen  ,4,remove,5,74,60,849
10/25/24,KK,kitchen  ,4,remove,5,75,55,849
10/25/24,KK,kitchen  ,4,remove,5,76,50,829
10/25/24,KK,kitchen  ,4,remove,5,77,45,827
10/25/24,KK,kitchen  ,4,remove,5,78,40,828
10/25/24,KK,kitchen  ,4,remove,5,79,35,831
10/25/24,KK,kitchen  ,4,remove,5,80,30,830
10/25/24,KK,kitchen  ,4,remove,5,81,25,831
10/25/24,KK,kitchen  ,4,remove,5,82,22,834
10/26/24,KK,basement,5,add,5,1,20,1237
10/26/24,KK,basement,5,add,5,2,25,1237
10/26/24,KK,basement,5,add,5,3,30,1238
10/26/24,KK,basement,5,add,5,4,35,1237
10/26/24,KK,basement,5,add,5,5,40,1238
10/26/24,KK,basement,5,add,5,6,45,1237
10/26/24,KK,basement,5,add,5,7,50,1238
10/26/24,KK,basement,5,add,5,8,55,1237
10/26/24,KK,basement,5,add,5,9,60,1242
10/26/24,KK,basement,5,add,5,10,65,1254
10/26/24,KK,basement,5,add,5,11,70,1260
10/26/24,KK,basement,5,add,5,12,75,1261
10/26/24,KK,basement,5,add,5,13,80,1287
10/26/24,KK,basement,5,add,5,14,85,1288
10/26/24,KK,basement,5,add,5,15,90,1300
10/26/24,KK,basement,5,add,5,16,95,1310
10/26/24,KK,basement,5,add,5,17,100,1312
10/26/24,KK,basement,5,add,5,18,105,1329
10/26/24,KK,basement,5,add,5,19,110,1332
10/26/24,KK,basement,5,add,5,20,115,1332
10/26/24,KK,basement,5,add,5,21,120,1332
10/26/24,KK,basement,5,add,5,22,125,1347
10/26/24,KK,basement,5,add,5,23,130,1355
10/26/24,KK,basement,5,add,5,24,135,1355
10/26/24,KK,basement,5,add,5,25,140,1371
10/26/24,KK,basement,5,add,5,26,145,1379
10/26/24,KK,basement,5,add,5,27,150,1379
10/26/24,KK,basement,5,add,5,28,155,1384
10/26/24,KK,basement,5,add,5,29,160,1403
10/26/24,KK,basement,5,add,5,30,165,1403
10/26/24,KK,basement,5,add,5,31,170,1430
10/26/24,KK,basement,5,add,5,32,175,1432
10/26/24,KK,basement,5,add,5,33,180,1445
10/26/24,KK,basement,5,add,5,34,185,1452
10/26/24,KK,basement,5,add,5,35,190,1462
10/26/24,KK,basement,5,add,5,36,195,1474
10/26/24,KK,basement,5,add,5,37,200,1494
10/26/24,KK,basement,5,add,5,38,205,1497
10/26/24,KK,basement,5,add,5,39,210,1521
10/26/24,KK,basement,5,add,5,40,215,1539
10/26/24,KK,basement,5,add,5,41,220,1548
10/26/24,KK,basement,5,add,5,42,225,150
10/26/24,KK,basement,5,add,5,43,230,1591
10/26/24,KK,basement,5,add,5,44,235,1613
10/26/24,KK,basement,5,add,5,45,240,1635
10/26/24,KK,basement,5,add,5,46,245,1635
10/26/24,KK,basement,5,add,5,47,250,1659
10/26/24,KK,basement,5,add,5,48,255,1688
10/26/24,KK,basement,5,add,5,49,260,1701
10/26/24,KK,basement,5,add,5,50,265,1708
10/26/24,KK,basement,5,add,5,51,270,1735
10/26/24,KK,basement,5,add,5,52,275,1774
10/26/24,KK,basement,5,add,5,53,280,1777
10/26/24,KK,basement,5,add,5,54,285,1829
10/26/24,KK,basement,5,add,5,55,290,1851
10/26/24,KK,basement,5,add,5,56,295,1873
10/26/24,KK,basement,5,add,5,57,300,1918
10/26/24,KK,basement,5,add,5,58,305,1943
10/26/24,KK,basement,5,add,5,59,310,1965
10/26/24,KK,basement,5,add,5,60,315,1986
10/26/24,KK,basement,5,add,5,61,320,2009
10/26/24,KK,basement,5,add,5,62,325,2032
10/26/24,KK,basement,5,add,5,63,330,2056
10/26/24,KK,basement,5,add,5,64,335,2079
10/26/24,KK,basement,5,add,5,65,340,2101
10/26/24,KK,basement,5,add,5,66,345,2147
10/26/24,KK,basement,5,add,5,67,350,2162
10/26/24,KK,basement,5,add,5,68,355,2200
10/26/24,KK,basement,5,add,5,69,360,2233
10/26/24,KK,basement,5,add,5,70,365,2266
10/26/24,KK,basement,5,add,5,71,370,2311
10/26/24,KK,basement,5,add,5,72,375,2333
10/26/24,KK,basement,5,add,5,73,380,2359
10/26/24,KK,basement,5,add,5,74,385,2399
10/26/24,KK,basement,5,add,5,75,390,2421
10/26/24,KK,basement,5,add,5,76,395,2444
10/26/24,KK,basement,5,add,5,77,400,2466
10/26/24,KK,basement,5,add,5,78,405,2457
10/26/24,KK,basement,5,add,5,79,410,2443
10/26/24,KK,basement,5,add,5,80,415,2444
10/26/24,KK,basement,5,add,5,81,420,2466
10/26/24,KK,basement,5,add,5,82,425,2516
10/26/24,KK,basement,5,add,5,83,430,2563
10/26/24,KK,basement,5,add,5,84,435,2603
10/26/24,KK,basement,5,add,5,85,440,2648
10/26/24,KK,basement,5,add,5,86,445,2670
10/26/24,KK,basement,5,add,5,87,450,2671
10/26/24,KK,basement,5,add,5,88,455,2618
10/26/24,KK,basement,5,add,5,89,460,2516
10/26/24,KK,basement,5,add,5,90,465,2314
10/26/24,KK,basement,5,add,5,91,470,2154
10/26/24,KK,basement,5,add,5,92,475,2032
10/26/24,KK,basement,5,add,5,93,480,1895
10/26/24,KK,basement,5,add,5,94,485,1815
10/26/24,KK,basement,6,add,5,1,51,1288
10/26/24,KK,basement,6,add,5,2,56,1288
10/26/24,KK,basement,6,add,5,3,61,1290
10/26/24,KK,basement,6,add,5,4,66,1310
10/26/24,KK,basement,6,add,5,5,71,1309
10/26/24,KK,basement,6,add,5,6,76,1330
10/26/24,KK,basement,6,add,5,7,81,1331
10/26/24,KK,basement,6,add,5,8,86,1331
10/26/24,KK,basement,6,add,5,9,91,1331
10/26/24,KK,basement,6,add,5,10,96,1354
10/26/24,KK,basement,6,add,5,11,101,1354
10/26/24,KK,basement,6,add,5,12,106,1354
10/26/24,KK,basement,6,add,5,13,111,1374
10/26/24,KK,basement,6,add,5,14,116,1377
10/26/24,KK,basement,6,add,5,15,121,1378
10/26/24,KK,basement,6,add,5,16,126,1401
10/26/24,KK,basement,6,add,5,17,131,1401
10/26/24,KK,basement,6,add,5,18,136,1406
10/26/24,KK,basement,6,add,5,19,141,1433
10/26/24,KK,basement,6,add,5,20,146,1433
10/26/24,KK,basement,6,add,5,21,151,1452
10/26/24,KK,basement,6,add,5,22,156,1456
10/26/24,KK,basement,6,add,5,23,161,1474
10/26/24,KK,basement,6,add,5,24,166,1474
10/26/24,KK,basement,6,add,5,25,171,1489
10/26/24,KK,basement,6,add,5,26,176,1496
10/26/24,KK,basement,6,add,5,27,181,1500
10/26/24,KK,basement,6,add,5,28,186,1518
10/26/24,KK,basement,6,add,5,29,191,1519
10/26/24,KK,basement,6,add,5,30,196,1548
10/26/24,KK,basement,6,add,5,31,201,1549
10/26/24,KK,basement,6,add,5,32,206,1567
10/26/24,KK,basement,6,add,5,33,211,1569
10/26/24,KK,basement,6,add,5,34,216,1584
10/26/24,KK,basement,6,add,5,35,221,1590
10/26/24,KK,basement,6,add,5,36,226,1601
10/26/24,KK,basement,6,add,5,37,231,1611
10/26/24,KK,basement,6,add,5,38,236,1634
10/26/24,KK,basement,6,add,5,39,241,1635
10/26/24,KK,basement,6,add,5,40,246,1668
10/26/24,KK,basement,6,add,5,41,251,1693
10/26/24,KK,basement,6,add,5,42,256,1706
10/26/24,KK,basement,6,add,5,43,261,1731
10/26/24,KK,basement,6,add,5,44,266,1755
10/26/24,KK,basement,6,add,5,45,271,1807
10/26/24,KK,basement,6,add,5,46,276,1828
10/26/24,KK,basement,6,add,5,47,281,1848
10/26/24,KK,basement,6,add,5,48,286,1849
10/26/24,KK,basement,6,add,5,49,291,1889
10/26/24,KK,basement,6,add,5,50,296,1916
10/26/24,KK,basement,6,add,5,51,301,1942
10/26/24,KK,basement,6,add,5,52,306,1963
10/26/24,KK,basement,6,add,5,53,311,2008
10/26/24,KK,basement,6,add,5,54,316,2031
10/26/24,KK,basement,6,add,5,55,321,2057
10/26/24,KK,basement,6,add,5,56,326,2098
10/26/24,KK,basement,6,add,5,57,331,2100
10/26/24,KK,basement,6,add,5,58,336,2145
10/26/24,KK,basement,6,add,5,59,341,2153
10/26/24,KK,basement,6,add,5,60,346,2198
10/26/24,KK,basement,6,add,5,61,351,2220
10/26/24,KK,basement,6,add,5,62,356,2251
10/26/24,KK,basement,6,add,5,63,361,2274
10/26/24,KK,basement,6,add,5,64,366,2309
10/26/24,KK,basement,6,add,5,65,371,2339
10/26/24,KK,basement,6,add,5,66,376,2387
10/26/24,KK,basement,6,add,5,67,381,2420
10/26/24,KK,basement,6,add,5,68,386,2448
10/26/24,KK,basement,6,add,5,69,391,2465
10/26/24,KK,basement,6,add,5,70,396,2487
10/26/24,KK,basement,6,add,5,71,401,2488
10/26/24,KK,basement,6,add,5,72,406,2487
10/26/24,KK,basement,6,add,5,73,411,2487
10/26/24,KK,basement,6,add,5,74,416,2512
10/26/24,KK,basement,6,add,5,75,421,2534
10/26/24,KK,basement,6,add,5,76,426,2559
10/26/24,KK,basement,6,add,5,77,431,2602
10/26/24,KK,basement,6,add,5,78,436,2625
10/26/24,KK,basement,6,add,5,79,441,2669
10/26/24,KK,basement,6,add,5,80,446,2713
10/26/24,KK,basement,6,add,5,81,451,2734
10/26/24,KK,basement,6,add,5,82,456,2690
10/26/24,KK,basement,6,add,5,83,461,2633
10/26/24,KK,basement,6,add,5,84,466,2455
10/26/24,KK,basement,6,add,5,85,471,2263
10/26/24,KK,basement,6,add,5,86,476,2063
10/26/24,KK,basement,6,add,5,87,481,1916
10/26/24,KK,basement,6,add,5,88,486,1807
10/26/24,KK,basement,6,add,5,89,491,1651
10/26/24,KK,basement,6,add,5,90,496,1570
10/26/24,KK,basement,6,add,5,91,501,1513
11/17/24,LV,Dining room ,1,remove,5,1,284,2351
11/17/24,LV,Dining room ,1,remove,5,2,279,2294
11/17/24,LV,Dining room ,1,remove,5,3,273,2266
11/17/24,LV,Dining room ,1,remove,5,4,268,2227
11/17/24,LV,Dining room ,1,remove,5,5,263,2200
11/17/24,LV,Dining room ,1,remove,5,6,258,2177
11/17/24,LV,Dining room ,1,remove,5,7,253,2155
11/17/24,LV,Dining room ,1,remove,5,8,248,2147
11/17/24,LV,Dining room ,1,remove,5,9,243,2125
11/17/24,LV,Dining room ,1,remove,5,10,238,2101
11/17/24,LV,Dining room ,1,remove,5,11,233,2078
11/17/24,LV,Dining room ,1,remove,5,12,228,2061
11/17/24,LV,Dining room ,1,remove,5,13,223,2034
11/17/24,LV,Dining room ,1,remove,5,14,218,2009
11/17/24,LV,Dining room ,1,remove,5,15,213,1986
11/17/24,LV,Dining room ,1,remove,5,16,208,1964
11/17/24,LV,Dining room ,1,remove,5,17,203,1942
11/17/24,LV,Dining room ,1,remove,5,18,197,1918
11/17/24,LV,Dining room ,1,remove,5,19,193,1897
11/17/24,LV,Dining room ,1,remove,5,20,187,1895
11/17/24,LV,Dining room ,1,remove,5,21,182,1873
11/17/24,LV,Dining room ,1,remove,5,22,177,1850
11/17/24,LV,Dining room ,1,remove,5,23,171,1841
11/17/24,LV,Dining room ,1,remove,5,24,166,1827
11/17/24,LV,Dining room ,1,remove,5,25,161,1806
11/17/24,LV,Dining room ,1,remove,5,26,156,1798
11/17/24,LV,Dining room ,1,remove,5,27,151,1776
11/17/24,LV,Dining room ,1,remove,5,28,146,1755
11/17/24,LV,Dining room ,1,remove,5,29,141,1754
11/17/24,LV,Dining room ,1,remove,5,30,136,1729
11/17/24,LV,Dining room ,1,remove,5,31,131,1707
11/17/24,LV,Dining room ,1,remove,5,32,126,1693
11/17/24,LV,Dining room ,1,remove,5,33,121,1685
11/17/24,LV,Dining room ,1,remove,5,34,116,1684
11/17/24,LV,Dining room ,1,remove,5,35,111,1661
11/17/24,LV,Dining room ,1,remove,5,36,106,1639
11/17/24,LV,Dining room ,1,remove,5,37,101,1616
11/17/24,LV,Dining room ,1,remove,5,38,96,1615
11/17/24,LV,Dining room ,1,remove,5,39,91,1594
11/17/24,LV,Dining room ,1,remove,5,40,86,1571
11/17/24,LV,Dining room ,1,remove,5,41,81,1572
11/17/24,LV,Dining room ,1,remove,5,42,76,1549
11/17/24,LV,Dining room ,1,remove,5,43,72,1542
11/17/24,LV,Dining room ,1,remove,5,44,67,1524
11/17/24,LV,Dining room ,1,remove,5,45,62,1524
11/17/24,LV,Dining room ,1,remove,5,46,57,1501
11/17/24,LV,Dining room ,1,remove,5,47,47,1479
11/17/24,LV,Dining room ,1,remove,5,48,42,1477
11/17/24,LV,Dining room ,1,remove,5,49,37,1477
11/17/24,LV,Dining room ,2,add,5,50,38,1478
11/17/24,LV,Dining room ,2,add,5,51,43,1479
11/17/24,LV,Dining room ,2,add,5,52,48,1479
11/17/24,LV,Dining room ,2,add,5,53,53,1495
11/17/24,LV,Dining room ,2,add,5,54,57,1501
11/17/24,LV,Dining room ,2,add,5,55,62,1512
11/17/24,LV,Dining room ,2,add,5,56,67,1524
11/17/24,LV,Dining room ,2,add,5,57,72,1534
11/17/24,LV,Dining room ,2,add,5,58,76,1548
11/17/24,LV,Dining room ,2,add,5,59,81,1571
11/17/24,LV,Dining room ,2,add,5,60,86,1585
11/17/24,LV,Dining room ,2,add,5,61,91,1607
11/17/24,LV,Dining room ,2,add,5,62,95,1612
11/17/24,LV,Dining room ,2,add,5,63,100,1629
11/17/24,LV,Dining room ,2,add,5,64,105,1650
11/17/24,LV,Dining room ,2,add,5,65,110,1662
11/17/24,LV,Dining room ,2,add,5,66,115,1669
11/17/24,LV,Dining room ,2,add,5,67,120,1672
11/17/24,LV,Dining room ,2,add,5,68,124,1694
11/17/24,LV,Dining room ,2,add,5,69,129,1701
11/17/24,LV,Dining room ,2,add,5,70,134,1717
11/17/24,LV,Dining room ,2,add,5,71,139,1730
11/17/24,LV,Dining room ,2,add,5,72,144,1742
11/17/24,LV,Dining room ,2,add,5,73,149,1762
11/17/24,LV,Dining room ,2,add,5,74,154,1774
11/17/24,LV,Dining room ,2,add,5,75,159,1799
11/17/24,LV,Dining room ,2,add,5,76,164,1819
11/17/24,LV,Dining room ,2,add,5,77,169,1842
11/17/24,LV,Dining room ,2,add,5,78,174,1853
11/17/24,LV,Dining room ,2,add,5,79,179,1860
11/17/24,LV,Dining room ,2,add,5,80,184,1879
11/17/24,LV,Dining room ,2,add,5,81,189,1899
11/17/24,LV,Dining room ,2,add,5,82,195,1927
11/17/24,LV,Dining room ,2,add,5,83,200,1948
11/17/24,LV,Dining room ,2,add,5,84,205,1965
11/17/24,LV,Dining room ,2,add,5,85,210,1974
11/17/24,LV,Dining room ,2,add,5,86,215,2004
11/17/24,LV,Dining room ,2,add,5,87,220,2020
11/17/24,LV,Dining room ,2,add,5,88,225,2041
11/17/24,LV,Dining room ,2,add,5,89,230,2055
11/17/24,LV,Dining room ,2,add,5,90,235,2084
11/17/24,LV,Dining room ,2,add,5,91,241,2103
11/17/24,LV,Dining room ,2,add,5,92,246,2127
11/17/24,LV,Dining room ,2,add,5,93,250,2148
11/17/24,LV,Dining room ,2,add,5,94,255,2160
11/17/24,LV,Dining room ,2,add,5,95,260,2177
11/17/24,LV,Dining room ,2,add,5,96,265,2189
11/17/24,LV,Dining room ,2,add,5,97,271,2231
11/17/24,LV,Dining room ,2,add,5,98,276,2256
11/17/24,LV,Dining room ,2,add,5,99,281,2286
11/17/24,LV,Dining room ,2,add,5,100,286,2318
11/17/24,LV,Dining room ,2,add,5,101,291,2343
11/17/24,LV,Dining room ,2,add,5,102,288,2263
11/17/24,LV,Dining room ,2,add,5,103,283,2227
11/17/24,LV,Dining room ,2,add,5,104,278,2215
11/19/24,LV,Living room ,3,remove,5,105,272,2175
11/19/24,LV,Living room ,3,remove,5,106,267,2156
11/19/24,LV,Living room ,3,remove,5,107,262,2110
11/19/24,LV,Living room ,3,remove,5,108,256,2087
11/19/24,LV,Living room ,3,remove,5,109,251,2065
11/19/24,LV,Living room ,3,remove,5,110,246,2042
11/19/24,LV,Living room ,3,remove,5,111,241,2018
11/19/24,LV,Living room ,3,remove,5,112,236,1997
11/19/24,LV,Living room ,3,remove,5,113,231,1973
11/19/24,LV,Living room ,3,remove,5,114,226,1953
11/19/24,LV,Living room ,3,remove,5,115,221,1952
11/19/24,LV,Living room ,3,remove,5,116,216,1926
11/19/24,LV,Living room ,3,remove,5,117,211,1904
11/19/24,LV,Living room ,3,remove,5,118,207,1899
11/19/24,LV,Living room ,3,remove,5,119,202,1882
11/19/24,LV,Living room ,3,remove,5,120,196,1860
11/19/24,LV,Living room ,3,remove,5,121,191,1844
11/19/24,LV,Living room ,3,remove,5,122,188,1836
11/19/24,LV,Living room ,3,remove,5,123,183,1817
11/19/24,LV,Living room ,3,remove,5,124,178,1784
11/19/24,LV,Living room ,3,remove,5,125,172,1777
11/19/24,LV,Living room ,3,remove,5,126,167,1754
11/19/24,LV,Living room ,3,remove,5,127,162,1733
11/19/24,LV,Living room ,3,remove,5,128,157,1725
11/19/24,LV,Living room ,3,remove,5,129,152,1712
11/19/24,LV,Living room ,3,remove,5,130,147,1691
11/19/24,LV,Living room ,3,remove,5,131,142,1690
11/19/24,LV,Living room ,3,remove,5,132,137,1661
11/19/24,LV,Living room ,3,remove,5,133,132,1654
11/19/24,LV,Living room ,3,remove,5,134,127,1650
11/19/24,LV,Living room ,3,remove,5,135,122,1624
11/19/24,LV,Living room ,3,remove,5,136,117,1617
11/19/24,LV,Living room ,3,remove,5,137,112,1611
11/19/24,LV,Living room ,3,remove,5,138,107,1602
11/19/24,LV,Living room ,3,remove,5,139,102,1594
11/19/24,LV,Living room ,3,remove,5,140,97,1574
11/19/24,LV,Living room ,3,remove,5,141,92,1524
11/19/24,LV,Living room ,3,remove,5,142,87,1516
11/19/24,LV,Living room ,3,remove,5,143,82,1516
11/19/24,LV,Living room ,3,remove,5,144,77,1494
11/19/24,LV,Living room ,3,remove,5,145,72,1495
11/19/24,LV,Living room ,3,remove,5,146,67,1473
11/19/24,LV,Living room ,3,remove,5,147,62,1473
11/19/24,LV,Living room ,3,remove,5,148,57,1465
11/19/24,LV,Living room ,3,remove,5,149,52,1450
11/19/24,LV,Living room ,3,remove,5,150,47,1449
11/19/24,LV,Living room ,3,remove,5,151,42,1449
11/19/24,LV,Living room ,4,add,5,152,47,1450
11/19/24,LV,Living room ,4,add,5,153,52,1450
11/19/24,LV,Living room ,4,add,5,154,57,1450
11/19/24,LV,Living room ,4,add,5,155,62,1470
11/19/24,LV,Living room ,4,add,5,156,67,1473
11/19/24,LV,Living room ,4,add,5,157,72,1477
11/19/24,LV,Living room ,4,add,5,158,77,1490
11/19/24,LV,Living room ,4,add,5,159,82,1490
11/19/24,LV,Living room ,4,add,5,160,87,1509
11/19/24,LV,Living room ,4,add,5,161,92,1518
11/19/24,LV,Living room ,4,add,5,162,97,1534
11/19/24,LV,Living room ,4,add,5,163,102,1541
11/19/24,LV,Living room ,4,add,5,164,105,1587
11/19/24,LV,Living room ,4,add,5,165,107,1587
11/19/24,LV,Living room ,4,add,5,166,112,1600
11/19/24,LV,Living room ,4,add,5,167,117,1607
11/19/24,LV,Living room ,4,add,5,168,122,1628
11/19/24,LV,Living room ,4,add,5,169,127,1634
11/19/24,LV,Living room ,4,add,5,170,132,1650
11/19/24,LV,Living room ,4,add,5,171,137,1680
11/19/24,LV,Living room ,4,add,5,172,142,1681
11/19/24,LV,Living room ,4,add,5,173,147,1702
11/19/24,LV,Living room ,4,add,5,174,152,1703
11/19/24,LV,Living room ,4,add,5,175,157,1722
11/19/24,LV,Living room ,4,add,5,176,162,1744
11/19/24,LV,Living room ,4,add,5,177,167,1744
11/19/24,LV,Living room ,4,add,5,178,172,1766
11/19/24,LV,Living room ,4,add,5,179,177,1768
11/19/24,LV,Living room ,4,add,5,180,182,1800
11/19/24,LV,Living room ,4,add,5,181,187,1821
11/19/24,LV,Living room ,4,add,5,182,192,1823
11/19/24,LV,Living room ,4,add,5,183,197,1845
11/19/24,LV,Living room ,4,add,5,184,202,1865
11/19/24,LV,Living room ,4,add,5,185,207,1886
11/19/24,LV,Living room ,4,add,5,186,212,1887
11/19/24,LV,Living room ,4,add,5,187,217,1909
11/19/24,LV,Living room ,4,add,5,188,222,1935
11/19/24,LV,Living room ,4,add,5,189,227,1956
11/19/24,LV,Living room ,4,add,5,190,232,1977
11/19/24,LV,Living room ,4,add,5,191,237,2005
11/19/24,LV,Living room ,4,add,5,192,242,2014
11/19/24,LV,Living room ,4,add,5,193,247,2035
11/19/24,LV,Living room ,4,add,5,194,252,2048
11/19/24,LV,Living room ,4,add,5,195,257,2072
11/19/24,LV,Living room ,4,add,5,196,262,2093
11/19/24,LV,Living room ,4,add,5,197,267,3023
11/23/24,LV,Bedroom,5,remove,5,198,260,2193
11/23/24,LV,Bedroom,5,remove,5,199,256,2141
11/23/24,LV,Bedroom,5,remove,5,200,250,2118
11/23/24,LV,Bedroom,5,remove,5,201,245,2095
11/23/24,LV,Bedroom,5,remove,5,202,240,2073
11/23/24,LV,Bedroom,5,remove,5,203,235,2026
11/23/24,LV,Bedroom,5,remove,5,204,230,2003
11/23/24,LV,Bedroom,5,remove,5,205,225,1981
11/23/24,LV,Bedroom,5,remove,5,206,220,1959
11/23/24,LV,Bedroom,5,remove,5,207,215,1938
11/23/24,LV,Bedroom,5,remove,5,208,210,1911
11/23/24,LV,Bedroom,5,remove,5,209,205,1889
11/23/24,LV,Bedroom,5,remove,5,210,200,1867
11/23/24,LV,Bedroom,5,remove,5,211,195,1846
11/23/24,LV,Bedroom,5,remove,5,212,190,1845
11/23/24,LV,Bedroom,5,remove,5,213,185,1830
11/23/24,LV,Bedroom,5,remove,5,214,180,1822
11/23/24,LV,Bedroom,5,remove,5,215,175,1811
11/23/24,LV,Bedroom,5,remove,5,216,170,1800
11/23/24,LV,Bedroom,5,remove,5,217,165,1770
11/23/24,LV,Bedroom,5,remove,5,218,160,1768
11/23/24,LV,Bedroom,5,remove,5,219,155,1745
11/23/24,LV,Bedroom,5,remove,5,220,150,1731
11/23/24,LV,Bedroom,5,remove,5,221,145,1723
11/23/24,LV,Bedroom,5,remove,5,222,140,1702
11/23/24,LV,Bedroom,5,remove,5,223,135,1695
11/23/24,LV,Bedroom,5,remove,5,224,130,1682
11/23/24,LV,Bedroom,5,remove,5,225,125,1653
11/23/24,LV,Bedroom,5,remove,5,226,120,1655
11/23/24,LV,Bedroom,5,remove,5,227,115,1631
11/23/24,LV,Bedroom,5,remove,5,228,110,1608
11/23/24,LV,Bedroom,5,remove,5,229,105,1606
11/23/24,LV,Bedroom,5,remove,5,230,100,1604
11/23/24,LV,Bedroom,5,remove,5,231,95,1586
11/23/24,LV,Bedroom,5,remove,5,232,90,1583
11/23/24,LV,Bedroom,5,remove,5,233,85,1566
11/23/24,LV,Bedroom,5,remove,5,234,80,1543
11/23/24,LV,Bedroom,5,remove,5,235,75,1518
11/23/24,LV,Bedroom,5,remove,5,236,70,1513
11/23/24,LV,Bedroom,5,remove,5,237,65,1513
11/23/24,LV,Bedroom,5,remove,5,238,60,1513
11/23/24,LV,Bedroom,5,remove,5,239,55,1547
11/23/24,LV,Bedroom,5,remove,5,240,50,1525
11/23/24,LV,Bedroom,5,remove,5,241,45,1525
11/23/24,LV,Bedroom,5,remove,5,242,40,1504
11/23/24,LV,Bedroom,5,remove,5,243,35,1501
11/23/24,LV,Bedroom,5,remove,5,244,30,1501
11/23/24,LV,Bedroom,5,add,5,245,35,1495
11/23/24,LV,Bedroom,5,add,5,246,40,1514
11/23/24,LV,Bedroom,5,add,5,247,,
11/23/24,LV,Bedroom,5,add,5,248,,
11/23/24,LV,Bedroom,5,add,5,249,,
11/23/24,LV,Bedroom,5,add,5,250,,
11/23/24,LV,Bedroom,5,add,5,251,,
11/23/24,LV,Bedroom,5,add,5,252,,
11/23/24,LV,Bedroom,5,add,5,253,,
11/23/24,LV,Bedroom,5,add,5,254,,
11/23/24,LV,Bedroom,5,add,5,255,,
11/23/24,LV,Bedroom,5,add,5,256,,
11/23/24,LV,Bedroom,5,add,5,257,,
11/23/24,LV,Bedroom,5,add,5,258,,
11/23/24,LV,Bedroom,5,add,5,259,,
11/23/24,LV,Bedroom,5,add,5,260,,
11/23/24,LV,Bedroom,5,add,5,261,,
11/23/24,LV,Bedroom,5,add,5,262,,
11/23/24,LV,Bedroom,5,add,5,263,,
11/23/24,LV,Bedroom,5,add,5,264,,
11/23/24,LV,Bedroom,5,add,5,265,,
11/23/24,LV,Bedroom,5,add,5,266,,
11/23/24,LV,Bedroom,5,add,5,267,,
11/23/24,LV,Bedroom,5,add,5,268,,
11/23/24,LV,Bedroom,5,add,5,269,,
11/23/24,LV,Bedroom,5,add,5,270,,
11/23/24,LV,Bedroom,5,add,5,271,,
11/23/24,LV,Bedroom,5,add,5,272,,
11/23/24,LV,Bedroom,5,add,5,273,,
11/23/24,LV,Bedroom,5,add,5,274,,
11/23/24,LV,Bedroom,5,add,5,275,,
11/23/24,LV,Bedroom,5,add,5,276,,
11/23/24,LV,Bedroom,5,add,5,277,,
11/23/24,LV,Bedroom,5,add,5,278,,
11/23/24,LV,Bedroom,5,add,5,279,,
11/23/24,LV,Bedroom,5,add,5,280,,
11/23/24,LV,Bedroom,5,add,5,281,,
11/23/24,LV,Bedroom,5,add,5,282,,
11/23/24,LV,Bedroom,5,add,5,283,,
11/23/24,LV,Bedroom,5,add,5,284,,
11/23/24,LV,Bedroom,5,add,5,285,,
11/23/24,LV,Bedroom,5,add,5,286,,
11/23/24,LV,Bedroom,5,add,5,287,,
11/23/24,LV,Bedroom,5,add,5,288,,
11/23/24,LV,Bedroom,5,add,5,289,,
11/23/24,LV,Bedroom,5,add,5,290,,
11/23/24,LV,Bedroom,5,add,5,291,,
11/23/24,LV,Bedroom,5,add,5,292,,
11/23/24,LV,Bedroom,5,add,5,293,,
11/23/24,LV,Bedroom,5,add,5,294,,
11/23/24,LV,Bedroom,5,add,5,295,,
11/23/24,LV,Bedroom,5,add,5,296,,
11/23/24,LV,Bedroom,5,add,5,297,,
11/23/24,LV,Bedroom,5,add,5,298,,
11/23/24,LV,Bedroom,5,add,5,299,,
11/23/24,LV,Bedroom,5,add,5,300,,
11/23/24,LV,Bedroom,5,add,5,301,,
11/23/24,LV,Bedroom,5,add,5,302,,
11/23/24,LV,Bedroom,5,add,5,303,,
11/23/24,LV,Bedroom,5,add,5,304,,
11/23/24,LV,Bedroom,5,add,5,305,,